Source,Location,Borough,Activity,Date,Start_Time,Price
McGill,McGill Athletics (Gyms 3/4),Downtown,Pick-Up Basketball,2026-01-05,20:30,Day Pass ($15)
McGill,McGill Athletics (Gyms 1/2),Downtown,Pick-Up Basketball,2026-01-06,18:15,Day Pass ($15)
McGill,McGill Athletics (Gyms 3/4),Downtown,Pick-Up Basketball,2026-01-09,11:45,Day Pass ($15)
McGill,McGill Athletics (Gyms 1/2),Downtown,Pick-Up Basketball,2026-01-10,17:00,Day Pass ($15)
McGill,McGill Athletics (Gyms 1/2),Downtown,Pick-Up Basketball,2026-01-11,17:30,Day Pass ($15)
McGill,McGill Athletics (Gyms 1/2),Downtown,Pick-Up Basketball,2026-01-13,18:15,Day Pass ($15)
McGill,McGill Athletics (Gyms 3/4),Downtown,Pick-Up Basketball,2026-01-16,11:45,Day Pass ($15)
McGill,McGill Athletics (Gyms 3/4),Downtown,Pick-Up Basketball,2026-01-17,16:30,Day Pass ($15)
McGill,McGill Athletics (Gyms 1/2),Downtown,Pick-Up Basketball,2026-01-18,17:30,Day Pass ($15)
McGill,McGill Athletics (Gyms 3/4),Downtown,Pick-Up Basketball,2026-01-19,20:30,Day Pass ($15)
McGill,McGill Athletics (Gyms 1/2),Downtown,Pick-Up Basketball,2026-01-20,18:15,Day Pass ($15)
McGill,McGill Athletics (Gyms 3/4),Downtown,Pick-Up Basketball,2026-01-23,11:45,Day Pass ($15)
McGill,McGill Athletics (Gyms 1/2),Downtown,Pick-Up Basketball,2026-01-24,17:00,Day Pass ($15)
McGill,McGill Athletics (Gyms 1/2),Downtown,Pick-Up Basketball,2026-01-25,17:30,Day Pass ($15)
McGill,McGill Athletics (Gyms 1/2),Downtown,Pick-Up Basketball,2026-01-27,18:15,Day Pass ($15)
McGill,McGill Athletics (Gyms 3/4),Downtown,Pick-Up Basketball,2026-01-30,11:45,Day Pass ($15)
McGill,McGill Athletics (Gyms 1/2),Downtown,Pick-Up Basketball,2026-02-01,17:30,Day Pass ($15)
McGill,McGill Athletics (Gyms 3/4),Downtown,Pick-Up Basketball,2026-02-02,20:30,Day Pass ($15)
McGill,McGill Athletics (Gyms 1/2),Downtown,Pick-Up Basketball,2026-02-03,18:15,Day Pass ($15)
McGill,McGill Athletics (Gyms 3/4),Downtown,Pick-Up Basketball,2026-02-06,11:45,Day Pass ($15)
McGill,McGill Athletics (Gyms 3/4),Downtown,Pick-Up Basketball,2026-02-08,16:30,Day Pass ($15)
McGill,McGill Athletics (Gyms 1/2),Downtown,Pick-Up Basketball,2026-02-10,18:15,Day Pass ($15)
McGill,McGill Athletics (Gyms 3/4),Downtown,Pick-Up Basketball,2026-02-13,11:45,Day Pass ($15)
McGill,McGill Athletics (Gyms 3/4),Downtown,Pick-Up Basketball,2026-02-14,09:30,Day Pass ($15)
McGill,McGill Athletics (Gyms 1/2),Downtown,Pick-Up Basketball,2026-02-15,17:30,Day Pass ($15)
McGill,McGill Athletics (Gyms 3/4),Downtown,Pick-Up Basketball,2026-02-16,20:30,Day Pass ($15)
McGill,McGill Athletics (Gyms 1/2),Downtown,Pick-Up Basketball,2026-02-17,18:15,Day Pass ($15)
McGill,McGill Athletics (Gyms 3/4),Downtown,Pick-Up Basketball,2026-02-20,11:45,Day Pass ($15)
McGill,McGill Athletics (Gyms 3/4),Downtown,Pick-Up Basketball,2026-02-21,18:15,Day Pass ($15)
McGill,McGill Athletics (Gyms 3/4),Downtown,Pick-Up Basketball,2026-02-23,19:30,Day Pass ($15)
McGill,McGill Athletics (Gyms 1/2),Downtown,Pick-Up Basketball,2026-02-24,18:15,Day Pass ($15)
McGill,McGill Athletics (Gyms 3/4),Downtown,Pick-Up Basketball,2026-02-27,11:45,Day Pass ($15)
McGill,McGill Athletics (Gyms 1/2),Downtown,Pick-Up Basketball,2026-02-28,17:00,Day Pass ($15)
McGill,McGill Athletics (Gyms 3/4),Downtown,Pick-Up Basketball,2026-03-01,16:30,Day Pass ($15)
McGill,McGill Athletics (Gyms 1/2),Downtown,Pick-Up Basketball,2026-03-10,18:15,Day Pass ($15)
McGill,McGill Athletics (Gyms 3/4),Downtown,Pick-Up Basketball,2026-03-13,11:45,Day Pass ($15)
McGill,McGill Athletics (Gyms 1/2),Downtown,Pick-Up Basketball,2026-03-14,16:30,Day Pass ($15)
McGill,McGill Athletics (Gyms 1/2),Downtown,Pick-Up Basketball,2026-03-15,17:30,Day Pass ($15)
McGill,McGill Athletics (Gyms 1/2),Downtown,Pick-Up Basketball,2026-03-17,18:15,Day Pass ($15)
McGill,McGill Athletics (Gyms 3/4),Downtown,Pick-Up Basketball,2026-03-20,11:45,Day Pass ($15)
McGill,McGill Athletics (Gyms 1/2),Downtown,Pick-Up Basketball,2026-03-21,16:30,Day Pass ($15)
McGill,McGill Athletics (Gyms 1/2),Downtown,Pick-Up Basketball,2026-03-22,17:30,Day Pass ($15)
McGill,McGill Athletics (Gyms 1/2),Downtown,Pick-Up Basketball,2026-03-24,18:15,Day Pass ($15)
McGill,McGill Athletics (Gyms 3/4),Downtown,Pick-Up Basketball,2026-03-27,11:45,Day Pass ($15)
McGill,McGill Athletics (Gyms 1/2),Downtown,Pick-Up Basketball,2026-03-29,17:30,Day Pass ($15)
McGill,McGill Athletics (Gyms 1/2),Downtown,Pick-Up Basketball,2026-03-31,18:15,Day Pass ($15)
McGill,McGill Athletics (Gyms 3/4),Downtown,Pick-Up Basketball,2026-04-04,09:15,Day Pass ($15)
McGill,McGill Athletics (Gyms 1/2),Downtown,Pick-Up Basketball,2026-04-07,18:15,Day Pass ($15)
McGill,McGill Athletics (Gyms 3/4),Downtown,Pick-Up Basketball,2026-04-10,11:45,Day Pass ($15)
McGill,McGill Athletics (Gyms 1/2),Downtown,Pick-Up Basketball,2026-04-11,16:30,Day Pass ($15)
Concordia,Concordia (Downtown),Downtown,Basketball Drop-in,Every Monday,14:15,Mem/$10
Concordia,Concordia (Downtown),Downtown,Basketball Drop-in,Every Tuesday,14:15,Mem/$10
Concordia,Concordia (Downtown),Downtown,Basketball Drop-in,Every Wednesday,14:15,Mem/$10
Concordia,Concordia (Downtown),Downtown,Basketball Drop-in,Every Thursday,14:15,Mem/$10
Concordia,Concordia (Downtown),Downtown,Basketball Drop-in,Every Friday,14:15,Mem/$10
Concordia,Concordia (Downtown),Downtown,Basketball Drop-in,Every Sunday,12:00,Mem/$10
City,École Notre-Dame-de-Lourdes,Verdun,Basketball 18+,Every Tuesday,20:30,Free
City,École des Marguerites,Verdun,Basketball 18+,Every Tuesday,20:15,Free
City,École des Marguerites,Verdun,Basketball 18+,Every Thursday,20:15,Free
City,École Monseigneur-Richard,Verdun,Basketball 18+,Every Friday,21:15,Free
YMCA,YMCA Du Parc,Plateau,Open Gym (Basketball),Every Monday,06:30,Mem/Drop-in
YMCA,YMCA Du Parc,Plateau,Basketball,Every Monday,18:00,Mem/Drop-in
YMCA,YMCA Du Parc,Plateau,Open Gym (Basketball),Every Tuesday,06:30,Mem/Drop-in
YMCA,YMCA Du Parc,Plateau,Open Gym (Basketball),Every Tuesday,15:30,Mem/Drop-in
YMCA,YMCA Du Parc,Plateau,Open Gym (Basketball),Every Wednesday,06:30,Mem/Drop-in
YMCA,YMCA Du Parc,Plateau,Open Gym (Basketball),Every Wednesday,13:00,Mem/Drop-in
YMCA,YMCA Du Parc,Plateau,Open Gym (Basketball),Every Thursday,06:30,Mem/Drop-in
YMCA,YMCA Du Parc,Plateau,Open Gym (Basketball),Every Thursday,15:30,Mem/Drop-in
YMCA,YMCA Du Parc,Plateau,Open Gym (Basketball),Every Friday,06:00,Mem/Drop-in
YMCA,YMCA Du Parc,Plateau,Open Basketball (Specific),Every Saturday,10:00,Mem/Drop-in
YMCA,YMCA Du Parc,Plateau,Basketball,Every Saturday,15:00,Mem/Drop-in
YMCA,YMCA Du Parc,Plateau,Open Gym (Basketball),Every Sunday,13:00,Mem/Drop-in
YMCA,YMCA Cartierville,Cartierville,Open Gym (Basketball),Every Monday,07:45,Mem/Drop-in
YMCA,YMCA Cartierville,Cartierville,Open Gym (Basketball),Every Monday,15:00,Mem/Drop-in
YMCA,YMCA Cartierville,Cartierville,Open Gym (Basketball),Every Tuesday,07:45,Mem/Drop-in
YMCA,YMCA Cartierville,Cartierville,Basketball,Every Tuesday,19:30,Mem/Drop-in
YMCA,YMCA Cartierville,Cartierville,Open Gym (Basketball),Every Wednesday,07:45,Mem/Drop-in
YMCA,YMCA Cartierville,Cartierville,Open Gym (Basketball),Every Thursday,07:45,Mem/Drop-in
YMCA,YMCA Cartierville,Cartierville,Open Gym (Basketball),Every Friday,07:45,Mem/Drop-in
YMCA,YMCA Westmount,Westmount,Open Gym (Basketball),Every Monday,06:00,Mem/Drop-in
YMCA,YMCA Westmount,Westmount,Open Gym (Basketball),Every Monday,18:30,Mem/Drop-in
YMCA,YMCA Westmount,Westmount,Open Gym (Basketball),Every Tuesday,11:30,Mem/Drop-in
YMCA,YMCA Westmount,Westmount,Open Gym (Basketball),Every Wednesday,06:00,Mem/Drop-in
YMCA,YMCA Westmount,Westmount,Open Gym (Basketball),Every Wednesday,14:30,Mem/Drop-in
YMCA,YMCA Westmount,Westmount,Open Gym (Basketball),Every Thursday,06:00,Mem/Drop-in
YMCA,YMCA Westmount,Westmount,Open Gym (Basketball),Every Thursday,14:00,Mem/Drop-in
YMCA,YMCA Westmount,Westmount,Open Gym (Basketball),Every Friday,16:00,Mem/Drop-in
YMCA,YMCA Westmount,Westmount,Open Basketball (Specific),Every Friday,19:45,Mem/Drop-in
YMCA,YMCA NDG,NDG,Open Gym (Basketball),Every Monday,14:00,Mem/Drop-in
YMCA,YMCA NDG,NDG,Open Gym (Basketball),Every Tuesday,11:35,Mem/Drop-in
YMCA,YMCA NDG,NDG,Open Gym (Basketball),Every Tuesday,19:30,Mem/Drop-in
YMCA,YMCA NDG,NDG,Open Gym (Basketball),Every Wednesday,15:30,Mem/Drop-in
YMCA,YMCA NDG,NDG,Open Gym (Basketball),Every Wednesday,19:45,Mem/Drop-in
YMCA,YMCA NDG,NDG,Open Gym (Basketball),Every Thursday,19:45,Mem/Drop-in
YMCA,YMCA NDG,NDG,Open Gym (Basketball),Every Friday,15:15,Mem/Drop-in